﻿ID,Name
1,Jenny Porter
2,Dennis Neal
3,Hubert Bell
4,Velma Jacobs
5,Marlene Austin
6,Michele Kennedy
7,Daryl Dean
8,Rolando Flowers
9,Hector Schwartz
10,Violet Brock
11,Heidi Beck
12,Angel Watson
13,Sean Garcia
14,Roberta Duncan
15,Todd Phelps
16,Kurt Simon
17,Bryan Singleton
18,Audrey Mclaughlin
19,Johnnie Black
20,Christina Turner
21,Ross Hogan
22,Kirk Mcdonald
23,Evelyn Henderson
24,Mildred Robbins
25,Winifred Norris
26,Matthew Payne
27,Glenda Mann
28,Cecil Griffith
29,Lucas Ellis
30,Silvia Klein
31,Rita Obrien
32,Beatrice Newton
33,Carrie Hines
34,Melanie Houston
35,Armando Perkins
36,Rodolfo Vega
37,Omar Hardy
38,Eula Drake
39,Christine Flores
40,Elena Hart
41,Gordon Lowe
42,Benjamin Watts
43,Ernest Armstrong
44,Israel Cortez
45,Elaine Hernandez
46,Kristy Poole
47,Kendra French
48,Cassandra Reyes
49,Dean Gonzales
50,Gerald Burgess
51,Kerry Becker
52,Tabitha Farmer
53,Eugene Morton
54,Latoya Roberts
55,Roderick Mccarthy
56,Morris Douglas
57,Wilson Gordon
58,Lynn Jensen
59,Lester Rodriquez
60,Amy Thomas
61,Tony Alexander
62,Felipe Torres
63,Grady Shaw
64,Shawna Lawrence
65,Francis Todd
66,Jeremy Larson
67,Eleanor Cooper
68,Don Colon
69,Grace Sanchez
70,Horace Wheeler
71,Domingo Osborne
72,Sheri Weaver
73,Daniel Lamb
74,Jody Campbell
75,Levi Burton
76,Virgil Horton
77,Mona Joseph
78,Erika Gross
79,Thelma Bass
80,Hannah Wilkins
81,Tina Perry
82,Garry Newman
83,Gregg Hanson
84,Lois Bradley
85,Abraham Padilla
86,Mary Potter
87,Sally Hansen
88,Denise Mullins
89,Alejandro Reed
90,Emanuel Wallace
91,Francisco Rogers
92,Perry Frazier
93,Jaime Byrd
94,Amber Leonard
95,Grant Montgomery
96,Ramon Moss
97,Lindsay Wong
98,Charlie Day
99,Harriet Townsend
100,Jessie Love
101,Maricela Darling
102,Giovanna Headrick
103,Rubi Nicholson
104,Adelia Ruffin
105,Lucie Unger
106,Palmer Shearer
107,Abbey Underhill
108,Lizette Rousseau
109,Un Minnick
110,Janise Redden
111,Hong Welker
112,Stefani Tom
113,Darleen Sam
114,Dalia Braxton
115,Tijuana Burris
116,Olene Ferrell
117,Davis Milam
118,Ming Luce
119,Keitha Billups
120,Lulu Boling
121,Abbie Mabe
122,Adina Gatewood
123,Hiedi Johansen
124,Erich Crooks
125,Vincenzo Pride
126,Gail Viera
127,Karyl Ventura
128,Ailene Fagan
129,Bernita Adair
130,Ilse Sorrell
131,Tad Jacoby
132,Lakisha Cummins
133,Bennie Danielson
134,Jone Arthur
135,Refugio Reedy
136,Mercy Creech
137,Tyler Ridley
138,Oneida Hite
139,Hobert Wiley
140,Luis Harwood
141,Chong Dunham
142,Shantel Yanez
143,Kanesha Everhart
144,Mary Hamel
145,Malcom Velez
146,Sheba Pickering
147,Latrisha Fenner
148,Jillian Rosenthal
149,Zetta Maupin
150,Dorsey Kopp
151,Loreen Wren
152,Cheree Roldan
153,Rozanne Dobbins
154,Mara Chestnut
155,Danuta Jarrell
156,Cassie Sharpe
157,Steven Sikes
158,Ardella Bruns
159,Peg Acker
160,Marita Strunk
161,Vinnie Stauffer
162,Cami Apodaca
163,Shu Beattie
164,Reina Bernard
165,Thomasina Champagne
166,Kenda Asbury
167,Dodie Schweitzer
168,Tamica Kohl
169,Vannesa Heard
170,Indira Carbone
171,Tanner Lombardo
172,Elvis Deal
173,Sulema Urbina
174,Elida Kane
175,Casie Blocker
176,Felicidad Prescott
