﻿ID number (without i),Name:,First choice: ,Second choice:,Third choice:,Fourth choice:,Fifth choice:
1,Jenny Porter,27. water,4. caterpillar,8. spider,32. lumber,22. money
2,Dennis Neal,13. ladybird,9. art,28. ghost,5. calculator,23. crowd
3,Hubert Bell,29. treatment,11. tomatoes,15. steam,31. badge,7. jeans
4,Velma Jacobs,3. plot,9. art,28. ghost,16. coil,7. jeans
5,Marlene Austin,29. treatment,18. mass,35. linen,2. knee,19. knot
6,Michele Kennedy,18. mass,27. water,29. treatment,21. wool,10. sound 
7,Daryl Dean,17. odor,6. muscle,10. sound ,22. money,18. mass
8,Rolando Flowers,27. water,14. wine,21. wool,26. worm,20. telescope
9,Hector Schwartz,14. wine,27. water,21. wool,16. coil,12. screw
10,Violet Brock,16. coil,31. badge,28. ghost,9. art,7. jeans
11,Heidi Beck,9. art,3. plot,28. ghost,12. screw,7. jeans
12,Angel Watson,14. wine,27. water,21. wool,23. crowd,25. fish
13,Sean Garcia,12. screw,5. calculator,14. wine,13. ladybird,19. knot
14,Roberta Duncan,27. water,14. wine,24. company,23. crowd,5. calculator
15,Todd Phelps,32. lumber,14. wine,35. linen,27. water,4. caterpillar
16,Kurt Simon,22. money,10. sound ,3. plot,17. odor,9. art
17,Bryan Singleton,2. knee,31. badge,18. mass,20. telescope,34. tardigrade
18,Audrey Mclaughlin,35. linen,2. knee,25. fish,34. tardigrade,12. screw
19,Johnnie Black,29. treatment,17. odor,21. wool,6. muscle,23. crowd
20,Christina Turner,3. plot,15. steam,11. tomatoes,29. treatment,30. plane
21,Ross Hogan,23. crowd,14. wine,21. wool,20. telescope,25. fish
22,Kirk Mcdonald,19. knot,27. water,5. calculator,13. ladybird,14. wine
23,Evelyn Henderson,23. crowd,34. tardigrade,5. calculator,12. screw,20. telescope
24,Mildred Robbins,14. wine,20. telescope,5. calculator,7. jeans,21. wool
25,Winifred Norris,23. crowd,14. wine,27. water,29. treatment,4. caterpillar
26,Matthew Payne,31. badge,26. worm,5. calculator,16. coil,6. muscle
27,Glenda Mann,23. crowd,24. company,14. wine,27. water,25. fish
28,Cecil Griffith,20. telescope,21. wool,23. crowd,7. jeans,12. screw
29,Lucas Ellis,23. crowd,14. wine,21. wool,27. water,25. fish
30,Silvia Klein,4. caterpillar,32. lumber,35. linen,11. tomatoes,8. spider
31,Rita Obrien,25. fish,2. knee,23. crowd,5. calculator,12. screw
32,Beatrice Newton,27. water,21. wool,31. badge,7. jeans,18. mass
33,Carrie Hines,22. money,21. wool,10. sound ,20. telescope,18. mass
34,Melanie Houston,23. crowd,25. fish,21. wool,14. wine,5. calculator
35,Armando Perkins,18. mass,17. odor,29. treatment,22. money,23. crowd
36,Rodolfo Vega,14. wine,32. lumber,27. water,22. money,24. company
37,Omar Hardy,15. steam,11. tomatoes,27. water,14. wine,8. spider
38,Eula Drake,20. telescope,7. jeans,31. badge,27. water,25. fish
39,Christine Flores,14. wine,18. mass,32. lumber,27. water,12. screw
40,Elena Hart,5. calculator,23. crowd,6. muscle,17. odor,24. company
41,Gordon Lowe,4. caterpillar,22. money,10. sound ,17. odor,32. lumber
42,Benjamin Watts,27. water,14. wine,32. lumber,21. wool,20. telescope
43,Ernest Armstrong,21. wool,4. caterpillar,35. linen,14. wine,27. water
44,Israel Cortez,14. wine,27. water,21. wool,32. lumber,20. telescope
45,Elaine Hernandez,11. tomatoes,4. caterpillar,27. water,14. wine,21. wool
46,Kristy Poole,26. worm,13. ladybird,27. water,16. coil,5. calculator
47,Kendra French,3. plot,9. art,16. coil,7. jeans,27. water
48,Cassandra Reyes,14. wine,13. ladybird,32. lumber,4. caterpillar,5. calculator
49,Dean Gonzales,27. water,9. art,28. ghost,7. jeans,23. crowd
50,Gerald Burgess,33. move,28. ghost,3. plot,9. art,8. spider
51,Kerry Becker,27. water,14. wine,25. fish,22. money,32. lumber
52,Tabitha Farmer,23. crowd,14. wine,4. caterpillar,35. linen,27. water
53,Eugene Morton,9. art,28. ghost,3. plot,7. jeans,16. coil
54,Latoya Roberts,22. money,21. wool,20. telescope,10. sound ,17. odor
55,Roderick Mccarthy,5. calculator,23. crowd,19. knot,24. company,14. wine
56,Morris Douglas,18. mass,29. treatment,32. lumber,6. muscle,22. money
57,Wilson Gordon,14. wine,27. water,21. wool,23. crowd,25. fish
58,Lynn Jensen,26. worm,9. art,35. linen,12. screw,31. badge
59,Lester Rodriquez,9. art,35. linen,12. screw,31. badge,3. plot
60,Amy Thomas,32. lumber,35. linen,4. caterpillar,29. treatment,10. sound 
61,Tony Alexander,4. caterpillar,15. steam,11. tomatoes,32. lumber,14. wine
62,Felipe Torres,11. tomatoes,14. wine,4. caterpillar,29. treatment,27. water
63,Grady Shaw,11. tomatoes,14. wine,4. caterpillar,29. treatment,27. water
64,Shawna Lawrence,27. water,14. wine,30. plane,26. worm,31. badge
65,Francis Todd,23. crowd,14. wine,21. wool,27. water,5. calculator
66,Jeremy Larson,29. treatment,33. move,15. steam,3. plot,26. worm
67,Eleanor Cooper,14. wine,27. water,12. screw,21. wool,26. worm
68,Don Colon,23. crowd,5. calculator,24. company,19. knot,8. spider
69,Grace Sanchez,20. telescope,22. money,21. wool,14. wine,27. water
70,Horace Wheeler,4. caterpillar,32. lumber,14. wine,7. jeans,13. ladybird
71,Domingo Osborne,35. linen,27. water,4. caterpillar,14. wine,29. treatment
72,Sheri Weaver,7. jeans,12. screw,5. calculator,24. company,23. crowd
73,Daniel Lamb,9. art,28. ghost,7. jeans,3. plot,5. calculator
74,Jody Campbell,22. money,17. odor,7. jeans,23. crowd,24. company
75,Levi Burton,12. screw,23. crowd,22. money,20. telescope,19. knot
76,Virgil Horton,23. crowd,16. coil,7. jeans,24. company,9. art
77,Mona Joseph,9. art,31. badge,28. ghost,13. ladybird,16. coil
78,Erika Gross,23. crowd,5. calculator,24. company,27. water,7. jeans
79,Thelma Bass,23. crowd,24. company,12. screw,19. knot,34. tardigrade
80,Hannah Wilkins,35. linen,32. lumber,14. wine,4. caterpillar,31. badge
81,Tina Perry,27. water,18. mass,33. move,26. worm,30. plane
82,Garry Newman,4. caterpillar,32. lumber,14. wine,27. water,8. spider
84,Lois Bradley,25. fish,7. jeans,23. crowd,34. tardigrade,5. calculator
85,Abraham Padilla,33. move,7. jeans,5. calculator,23. crowd,31. badge
86,Mary Potter,7. jeans,13. ladybird,31. badge,5. calculator,24. company
87,Sally Hansen,7. jeans,8. spider,3. plot,28. ghost,23. crowd
88,Denise Mullins,25. fish,2. knee,9. art,14. wine,7. jeans
89,Alejandro Reed,14. wine,27. water,35. linen,32. lumber,23. crowd
90,Emanuel Wallace,19. knot,24. company,12. screw,25. fish,34. tardigrade
91,Francisco Rogers,23. crowd,14. wine,7. jeans,24. company,21. wool
92,Perry Frazier,32. lumber,35. linen,14. wine,27. water,11. tomatoes
93,Jaime Byrd,14. wine,11. tomatoes,27. water,4. caterpillar,8. spider
94,Amber Leonard,3. plot,30. plane,9. art,28. ghost,33. move
95,Grant Montgomery,1. sleep,8. spider,9. art,28. ghost,3. plot
96,Ramon Moss,7. jeans,19. knot,29. treatment,20. telescope,23. crowd
97,Lindsay Wong,10. sound ,21. wool,18. mass,30. plane,22. money
98,Charlie Day,4. caterpillar,27. water,14. wine,11. tomatoes,29. treatment
99,Harriet Townsend,8. spider,1. sleep,32. lumber,4. caterpillar,14. wine
100,Jessie Love,32. lumber,27. water,14. wine,21. wool,35. linen
101,Maricela Darling,8. spider,4. caterpillar,32. lumber,14. wine,27. water
102,Giovanna Headrick,23. crowd,16. coil,31. badge,14. wine,25. fish
103,Rubi Nicholson,7. jeans,14. wine,27. water,9. art,23. crowd
104,Adelia Ruffin,25. fish,34. tardigrade,12. screw,7. jeans,24. company
105,Lucie Unger,15. steam,27. water,16. coil,30. plane,14. wine
106,Palmer Shearer,32. lumber,35. linen,4. caterpillar,27. water,14. wine
107,Abbey Underhill,6. muscle,22. money,17. odor,10. sound ,30. plane
108,Lizette Rousseau,27. water,14. wine,32. lumber,23. crowd,31. badge
109,Un Minnick,14. wine,27. water,21. wool,19. knot,20. telescope
110,Janise Redden,12. screw,25. fish,23. crowd,19. knot,34. tardigrade
111,Hong Welker,11. tomatoes,8. spider,32. lumber,14. wine,1. sleep
112,Stefani Tom,35. linen,19. knot,34. tardigrade,12. screw,7. jeans
113,Darleen Sam,27. water,14. wine,21. wool,20. telescope,23. crowd
114,Dalia Braxton,34. tardigrade,35. linen,27. water,23. crowd,19. knot
115,Tijuana Burris,4. caterpillar,32. lumber,27. water,14. wine,1. sleep
116,Olene Ferrell,4. caterpillar,11. tomatoes,8. spider,32. lumber,27. water
117,Davis Milam,9. art,28. ghost,30. plane,31. badge,3. plot
118,Ming Luce,7. jeans,14. wine,28. ghost,27. water,9. art
119,Keitha Billups,28. ghost,18. mass,33. move,31. badge,13. ladybird
120,Lulu Boling,11. tomatoes,8. spider,1. sleep,29. treatment,25. fish
121,Abbie Mabe,7. jeans,23. crowd,24. company,28. ghost,25. fish
122,Adina Gatewood,4. caterpillar,8. spider,1. sleep,23. crowd,32. lumber
123,Hiedi Johansen,3. plot,9. art,28. ghost,7. jeans,31. badge
124,Erich Crooks,23. crowd,20. telescope,7. jeans,5. calculator,18. mass
125,Vincenzo Pride,21. wool,4. caterpillar,10. sound ,18. mass,22. money
126,Gail Viera,13. ladybird,6. muscle,26. worm,16. coil,31. badge
127,Karyl Ventura,20. telescope,21. wool,22. money,14. wine,27. water
128,Ailene Fagan,19. knot,34. tardigrade,25. fish,7. jeans,23. crowd
129,Bernita Adair,32. lumber,35. linen,14. wine,23. crowd,27. water
130,Ilse Sorrell,32. lumber,27. water,35. linen,8. spider,1. sleep
131,Tad Jacoby,13. ladybird,16. coil,26. worm,7. jeans,9. art
132,Lakisha Cummins,7. jeans,23. crowd,5. calculator,27. water,12. screw
133,Bennie Danielson,14. wine,27. water,20. telescope,23. crowd,31. badge
134,Jone Arthur,4. caterpillar,11. tomatoes,27. water,14. wine,32. lumber
135,Refugio Reedy,20. telescope,21. wool,22. money,10. sound ,34. tardigrade
136,Mercy Creech,25. fish,27. water,14. wine,34. tardigrade,20. telescope
137,Tyler Ridley,28. ghost,16. coil,9. art,12. screw,13. ladybird
138,Oneida Hite,23. crowd,14. wine,27. water,25. fish,5. calculator
139,Hobert Wiley,4. caterpillar,32. lumber,35. linen,8. spider,16. coil
140,Luis Harwood,31. badge,16. coil,3. plot,9. art,28. ghost
141,Chong Dunham,30. plane,22. money,5. calculator,26. worm,3. plot
142,Shantel Yanez,32. lumber,14. wine,35. linen,27. water,21. wool
143,Kanesha Everhart,22. money,10. sound ,20. telescope,21. wool,27. water
144,Mary Hamel,12. screw,27. water,21. wool,7. jeans,14. wine
145,Malcom Velez,2. knee,32. lumber,35. linen,4. caterpillar,33. move
146,Sheba Pickering,4. caterpillar,29. treatment,15. steam,3. plot,1. sleep
147,Latrisha Fenner,21. wool,27. water,14. wine,26. worm,24. company
148,Jillian Rosenthal,30. plane,14. wine,26. worm,13. ladybird,16. coil
149,Zetta Maupin,9. art,28. ghost,5. calculator,13. ladybird,16. coil
150,Dorsey Kopp,18. mass,7. jeans,31. badge,23. crowd,24. company
151,Loreen Wren,25. fish,19. knot,34. tardigrade,14. wine,9. art
152,Cheree Roldan,5. calculator,12. screw,34. tardigrade,35. linen,19. knot
153,Rozanne Dobbins,22. money,17. odor,4. caterpillar,21. wool,10. sound 
154,Mara Chestnut,9. art,31. badge,3. plot,7. jeans,28. ghost
155,Danuta Jarrell,22. money,17. odor,4. caterpillar,10. sound ,21. wool
156,Cassie Sharpe,21. wool,20. telescope,22. money,23. crowd,17. odor
157,Steven Sikes,23. crowd,7. jeans,5. calculator,12. screw,18. mass
158,Ardella Bruns,21. wool,14. wine,34. tardigrade,23. crowd,19. knot
159,Peg Acker,15. steam,11. tomatoes,4. caterpillar,32. lumber,27. water
160,Marita Strunk,4. caterpillar,22. money,30. plane,23. crowd,17. odor
161,Vinnie Stauffer,17. odor,10. sound ,18. mass,22. money,21. wool
162,Cami Apodaca,9. art,18. mass,3. plot,26. worm,28. ghost
163,Shu Beattie,17. odor,18. mass,22. money,10. sound ,29. treatment
164,Reina Bernard,4. caterpillar,27. water,10. sound ,2. knee,25. fish
165,Thomasina Champagne,18. mass,17. odor,4. caterpillar,6. muscle,22. money
166,Kenda Asbury,14. wine,27. water,16. coil,21. wool,7. jeans
167,Dodie Schweitzer,23. crowd,19. knot,7. jeans,34. tardigrade,12. screw
168,Tamica Kohl,22. money,10. sound ,29. treatment,17. odor,18. mass
169,Vannesa Heard,23. crowd,14. wine,7. jeans,20. telescope,12. screw
170,Indira Carbone,12. screw,23. crowd,22. money,20. telescope,19. knot
171,Tanner Lombardo,32. lumber,35. linen,14. wine,27. water,22. money
172,Elvis Deal,18. mass,17. odor,29. treatment,10. sound ,22. money
173,Sulema Urbina,3. plot,9. art,16. coil,7. jeans,27. water
175,Casie Blocker,9. art,28. ghost,7. jeans,3. plot,5. calculator
176,Felicidad Prescott,27. water,14. wine,21. wool,23. crowd,7. jeans
