﻿Project Name ,Minimum,Maximum
1. sleep,3,4
2. knee,4,8
3. plot,4,6
4. caterpillar,3,4
5. calculator,4,6
6. muscle,4,4
7. jeans,4,6
8. spider,3,4
9. art,6,12
10. sound ,4,6
11. tomatoes,3,3
12. screw,4,9
13. ladybird,4,6
14. wine,4,6
15. steam,3,3
16. coil,4,6
17. odor,6,12
18. mass,6,12
19. knot,4,4
20. telescope,4,8
21. wool,4,6
22. money,4,6
23. crowd,4,6
24. company,4,8
25. fish,4,12
26. worm,4,6
27. water,4,6
28. ghost,4,6
29. treatment,3,4
30. plane,4,6
31. badge,6,12
32. lumber,4,6
33. move,4,6
34. tardigrade,4,5
35. linen,4,6
